contract_id;station_number;status;bike_stands;bonus;banking;latitude;longitude;address;station_name
14;1001;1;16;0;1;45.767736;4.832114;Angle rue d'AlgÈrie;1001 - TERREAUX / TERME
14;1002;1;22;0;1;45.767524;4.836306;Angle rue Serlin - Angle place de la comÈdie;1002 - OP…RA (FAR)
14;1003;1;15;0;1;45.769289;4.830127;6 PLACE SATHONAY;1003 - PLACE SATHONAY
14;1005;1;10;0;1;45.766073;4.832849;Place Meissonier - Angle Sud-Est de la place;1005 - MEISSONNIER
14;1006;1;22;0;1;45.76791;4.819845;12 QUAI ST VINCENT;1006- SUBSISTANCES
14;1012;1;20;0;1;45.765789;4.836906;Rue de la Bourse - Long du CollËge-LycÈe AmpËre;1012 - AMP»RE / BOURSE
14;1013;1;11;0;1;45.768223;4.827533;Rue de la MartiniËre;1013 - MARTINI»RE
14;1016;1;17;0;1;45.765944;4.831089;Rue de la PlatiËre - Angle quai de la PÍcherie;1016 - P CHERIE
14;1020;1;18;0;1;45.766763;4.832942;Rue Chenavard - CÙtÈ place des Terreaux;1020 - TERREAUX / CHENAVARD
14;1021;1;11;0;1;45.766832;4.834267;Rue Herriot - Devant MusÈe des Beaux Arts;1021 - TERREAUX / BEAUX ARTS
14;1022;1;31;0;1;45.769508;4.837495;Place Tolozan - Angle nord-est de la place;1022 - PLACE TOLOZAN (FAR)
14;1023;1;20;1;1;45.772229;4.819389;16 BVD DE LA CROIX-ROUSSE;1023 - CROIX ROUSSE / PERFETTI
14;1024;1;17;0;1;45.769684;4.824607;PLACE ROUVILLE;1024 - ROUVILLE
14;1031;1;20;0;1;45.768023;4.831733;Place de la Paix - En face de La Poste;1031 - PLACE DE LA PAIX
14;1032;1;22;0;1;45.767165;4.836334;17 RUE PIZAY;1032 - PIZAY (FAR)
14;1034;1;16;0;1;45.770006;4.829274;30 MONTEE DES CARMELITES;1034 - CARM…LITES
14;1035;1;16;0;1;45.772191;4.837917;3 QUAI ANDRE LASSAGNE;1035 - QUAI LASSAGNE
14;1036;1;17;1;1;45.774366;4.832716;158 BVD DE LA CROIX-ROUSSE;1036 - AVEYRON
14;2001;1;18;0;1;45.758;4.834594;Angle RÈpublique / rue de la Barre;2001 - BELLECOUR / R…PUBLIQUE (FAR)
14;2002;1;20;0;1;45.758149;4.830428;CÙtÈ rue Lintier;2002 - BELLECOUR / ST EXUP…RY
14;2003;1;10;0;1;45.753049;4.828297;Angle Henry IV;2003 - PLACE AMP»RE
14;2004;1;18;0;1;45.750116;4.82801;16 PLACE CARNOT;2004 - PERRACHE / CARNOT
14;2005;1;32;0;1;45.740675;4.819284;101 cours Charlemagne Lyon 2 direction centre ville. Devant l'hÙtel de RÈgion;2005 - CONFLUENCE H‘TEL DE R…GION
14;2006;1;14;0;1;45.745528;4.82359;Angle cours Charlemagne;2006 - PLACE DE L'HIPPODROME
14;2007;1;22;0;1;45.742617;4.820464;Angle rue Casimir PÈrier;2007 - PATINOIRE CHARLEMAGNE
14;2008;1;18;0;1;45.756775;4.833917;CÙtÈ rue des Marroniers;2008 - PLACE ANTONIN PONCET (FAR)
14;2009;1;26;0;1;45.739652;4.814984;Sur l'esplanade entre la rue Hrant Dink et le 40 quai Rambaud;2009 - CONFLUENCE DOCKS
14;2010;1;22;0;1;45.743317;4.815747;ANGLE ALEE ANDRE MURE ET QUAI ANTOINE RIBOUD;02010 - CONFLUENCE DARSE
14;2011;1;15;0;1;45.756813;4.828342;Face ‡ la facultÈ catholique;2011 - SALA / RUE DU PLAT
14;2012;1;16;0;1;45.753455;4.833367;3 PLACE GAILLETON;2012 - GAILLETON
14;2013;1;22;0;1;45.759932;4.832111;CÙtÈ nord de la place, vers l'ascenseur;2013 - C…LESTINS
14;2014;1;16;0;1;45.760762;4.834305;3 RUE JEAN DE TOURNES;2014 - JACOBINS
14;2015;1;27;0;1;45.760698;4.836279;CÙtÈ est de la place;2015 - PLACE DE LA R…PUBLIQUE (FAR)
14;2016;1;12;0;1;45.763065;4.83425;Angle rue Tupin / rue Herriot;2016 - PLACE REGAUD
14;2017;1;15;0;1;45.762184;4.836023;Rue de la RÈpublique;2017 - R…PUBLIQUE / FERRANDI»RE (FAR)
14;2020;1;20;0;1;45.733388;4.818954;Parvis du musÈe des confluences;2020 - MUSEE DES CONFLUENCES
14;2022;1;30;0;1;45.751233;4.82688;Angle rue Plessier;2022 - PLACE CARNOT
14;2023;1;20;0;1;45.754688;4.829927;Entre rue Victor Hugo et rue d'Auvergne;2023 -  HUGO / STE H…L»NE
14;2024;1;15;0;1;45.758733;4.834136;Entre Herriot et RÈpublique;2024 - R…PUBLIQUE / MAUPIN
14;2025;1;10;0;1;45.762054;4.833194;Entre rue de Brest et rue MerciËre;2025 - MERCI»RE / FERRANDI»RE
14;2026;1;28;0;1;45.759379;4.835414;Angle rue de la RÈpublique;2026 - R…PUBLIQUE / PAUFIQUE
14;2028;1;16;0;1;45.744438;4.822152;Face station tram Ste Blandine;2028- SAINTE-BLANDINE
14;2030;1;22;0;1;45.764079;4.835554;Angle Poulaillerie / RÈpublique;2030 - R…PUBLIQUE / POULAILLERIE (FAR)
14;2035;1;23;0;1;45.759842;4.835776;;2035 - CHILDEBERT / RIVI»RE
14;2036;1;20;0;1;45.759494;4.830161;11 PLACE ANTONIN GOURJU;2036 - PLACE GOURJU
14;2037;1;30;0;1;45.747956;4.824898;12 COURS CHARLEMAGNE;2037 - PLACE DES ARCHIVES
14;2038;1;16;0;1;45.753077;4.829706;16 RUE DES REMPARTS D'AINAY;2038 - REMPARTS D'AINAY
14;2039;1;17;0;1;45.749257;4.82984;86 RUE DE LA CHARITE;2039 - CHARIT… / R…CAMMIER
14;2041;1;16;0;1;45.754468;4.833041;44 RUE SALA;2041 - SALA / CHARITE
14;2042;1;20;0;1;45.751873;4.824763;43 RUE VAUBECOUR;2042 - JOFFRE / VAUBECOUR
14;3001;1;40;0;1;45.76027;4.858454;DerriËre la station de tram;3001 - PART-DIEU / VIVIER MERLE (FAR)
14;3002;1;32;0;1;45.760139;4.85873;1 PLACE CHARLES BERAUDIER;3002 - PART-DIEU / GARE SNCF (FAR)
14;3003;1;20;0;1;45.762974;4.855071;Face rue Massena, entrÈe centre commercial;3003 - PART-DIEU / DERUELLE (FAR)
14;3004;1;20;0;1;45.759648;4.848139;Angle rue Moncey / Part-Dieu;3004 - BOURSE DU TRAVAIL (FAR)
14;3005;1;20;0;1;45.75377;4.848043;Place Victor Basch;3005 - SAXE-GAMBETTA (FAR)
14;3007;1;32;0;1;45.743396;4.87897;A cÙtÈ du stand de fleurs;3007 - PLACE D'ARSONVAL (FAR)
14;3008;1;18;0;1;45.745828;4.870631;105 COURS ALBERT THOMAS;3008 - INSTITUT LUMIERE
14;3009;1;22;0;1;45.750251;4.857919;133 COURS GAMBETTA;3009 - MUSEE AFRICAIN
14;3010;1;37;0;1;45.759376;4.855958;Angle rue Bouchut;3010 - PART-DIEU / CUIRASSIERS (FAR)
14;3012;1;25;0;1;45.749565;4.887311;A cÙtÈ de l'Èglise;3012 - PLACE DU CH√ÇTEAU
14;3013;1;21;0;1;45.753683;4.889285;Place Antoinette;3013 - PLACE ANTOINETTE
14;3015;1;17;0;1;45.760779;4.85276;Angle rue Garibaldi;3015 - SERVIENT / GARIBALDI
14;3016;1;18;0;1;45.759361;4.842308;Angle rue de la Part-Dieu;3016 - LIBERT… / PART-DIEU (FAR)
14;3018;1;30;0;1;45.756596;4.848442;Angle rue Paul Bert;3018 - CR…QUI / VOLTAIRE
14;3021;1;20;0;1;45.759488;4.869346;Intersection FerrandiËre/Jasseron;3021 - PLACE DE LA FERRANDI»RE
14;3024;1;19;0;1;45.741336;4.885538;Intersection Rockefeller / Esquirol;3024 - ROCKEFELLER / ESQUIROL
14;3029;1;23;0;1;45.752967;4.850271;Angle Gambetta;3029 - PLACE ARISTIDE BRIAND
14;3031;1;13;0;1;45.759906;4.844511;Angle rue Servient;3031 - CORNEILLE / SERVIENT
14;3032;1;16;0;1;45.76341;4.847132;Angle cours Lafayette;3032 - LAFAYETTE / CR…QUI
14;3036;1;35;0;1;45.75381;4.859795;AVENUE FELIX FAURE ANGLE VIVIER MERLE. 10M AVANT VIVIER MERLE EN DIRECTION DU RHONE;03036 - FELIX FAURE / VIVIER MERLE
14;3037;1;20;0;1;45.757112;4.853405;Rue Paul Bert;3037 - PAUL BERT / GARIBALDI
14;3038;1;40;0;1;45.757415;4.858911;Devant le b‚timent de la CAFAL;3038 - VIVIER MERLE / PAUL BERT
14;3039;1;13;0;1;45.752553;4.855756;Au niveau de la rue Duvivier;3039 - PLACE BIR-HAKEIM
14;3043;1;16;0;1;45.753975;4.867336;Avenue Lacassagne;3043 - PLACE ROUGET DE L'ISLE
14;3044;1;19;0;1;45.762023;4.841053;Entre rue de Bonnel et rue Rabelais;3044 - QUAI AUGAGNEUR (FAR)
14;3050;1;20;0;1;45.748346;4.875955;5 rue FÈlix Rollet 69003 Lyon;3050 - FRICHE RVI
14;3051;1;13;0;1;45.748193;4.880641;Angle rue Docteur Long/av. Lacassagne;3051 - PLACE HENRI
14;3053;1;13;0;1;45.751123;4.855604;Angle cours Gambetta;3053 - GAMBETTA / JUSSERAND (FAR)
14;3058;1;19;0;1;45.758974;4.853599;Face ‡ la poste;3058 - PLACE DU LAC
14;3066;1;20;0;1;45.754296;4.86359;139 AV. FELIX FAURE;3066 - KIMMERLING / FAURE
14;3067;1;15;0;1;45.752907;4.863923;6 RUE JEAN RENOIR;3067 - HACHETTE
14;3071;1;20;0;1;45.740492;4.888084;angle ave Rockfeller / cours EugÈnie face au Bioparc;3071 - BIOPARC
14;3079;1;16;0;1;45.75118;4.884795;4 PLACE LOUISE;3079 - PLACE LOUISE
14;3080;1;30;0;1;45.760042;4.861734;55 RUE DE LA VILLETTE;3080 - PART-DIEU / VILLETTE (FAR)
14;3082;1;18;0;1;45.757672;4.845111;160 RUE PIERRE CORNEILLE;3082 - PLACE BAHADOURIAN
14;3083;1;18;0;1;45.761595;4.850477;118 RUE MONCEY;3083 - LES HALLES
14;3084;1;28;0;1;45.757268;4.855193;143 RUE PAUL BERT;3084 - DESAIX
14;3085;1;16;0;1;45.757864;4.868337;66 RUE ANTOINE CHARIAL;3085 - SACRE COEUR
14;3086;1;16;0;1;45.749563;4.875934;76 AV. LACASSAGNE;3086 - FEUILLAT / LACASSAGNE
14;3087;1;20;0;1;45.762768;4.852563;4 BVD EUGENE DERUELLE;3087 - PART-DIEU / GARIBALDI
14;3088;1;16;0;1;45.75882;4.846453;65 RUE MAZENOD;3088 - PLACE GUICHARD
14;3089;1;24;0;1;45.745304;4.888964;221 AV. LACASSAGNE;3089 - TRARIEUX / LACASSAGNE
14;3090;0;17;0;1;45.741865;4.893461;;3090 - VINATIER
14;3091;1;30;0;1;45.748286;4.896975;54 BVD PINEL;3091 - HOPITAL NEUROLOGIQUE
14;3094;1;30;0;1;45.757808;4.861512;74 RUE DE LA VILLETTE;3094 - VILLETTE
14;3097;1;16;0;1;45.757192;4.840495;28 QUAI VICTOR AUGAGNEUR;3097 - AUGAGNEUR / FOSSE AUX OURS (FAR)
14;3099;1;18;0;1;45.757042;4.86532;10 PLACE SAINTE ANNE;3099 - PLACE SAINTE ANNE
14;3100;1;17;0;1;45.752779;4.868748;61 RUE DU DAUPHINE;3100 - SISLEY / DAUPHINE
14;3101;1;20;0;1;45.762055;4.868486;55 RUE DE BARABAN;3101 - PATINOIRE BARABAN
14;3102;1;16;0;1;45.75254;4.894272;135 COURS DOCTEUR LONG;3102 - DR LONG / AUBEPINS
14;3103;1;18;0;1;45.7548502313;4.85748756867;3 PLACE DANTON;3103 - PLACE DANTON
14;4001;1;22;0;1;45.770392;4.814254;;4001 - CONSERVATOIRE BIS
14;4002;1;20;1;1;45.774193;4.827743;Devant la mairie du 4Ë;4002 - MAIRIE DU 4Ë
14;4003;1;17;1;1;45.779731;4.834708;Angle rue de Belfort;4003- PLACE COMMANDANT  ARNAUD
14;4004;1;22;1;1;45.779786;4.827635;Angle rue HÈnon;4004 - H…NON
14;4005;1;12;1;1;45.77762;4.83453;Rue du Chariot d'Or;4005 - PLACE BERTONE
14;4006;1;22;1;1;45.773358;4.821234;Angle rue Anselme, face ‡ l'IUFM;4006 - PHILIPPE DE LASSALLE
14;4007;1;18;1;1;45.779332;4.820259;CÙtÈ Rue Philippe de Lassalle;4007 - PLACE FLAMMARION
14;4009;1;14;1;1;45.77591;4.825394;Rue Denfert-Rochereau / Angle rue Jacquart;4009 - JACQUARD / DENFERT-ROCHEREAU
14;4011;1;20;1;1;45.781574;4.832866;Place Jean Ambre;4011 - PLACE JEAN AMBRE
14;4012;1;19;0;1;45.779186;4.840917;Angle montÈe de la Boucle;4012 - PLACE ADRIEN GODIEN
14;4014;1;13;1;1;45.777431;4.820526;Angle rue Pillement;4014 - PHILIPPE DE LASSALLE / PILLEMENT
14;4017;1;17;1;1;45.776002;4.829628;Angle Bvd de la Croix-Rousse;4017 - PLACE DES TAPIS
14;4021;1;10;1;1;45.774061;4.82516;Angle Bvd de la Croix-Rousse;4021 - TABAREAU
14;4022;1;21;1;1;45.77608;4.832543;Prox. Grande rue de la Croix-Rousse;4022 - PLACE DE LA CROIX-ROUSSE
14;4023;1;22;0;1;45.777961;4.810523;Face au 45 quai Gillet;4023 - PONT MAZARYK
14;4024;1;25;0;1;45.788204;4.818572;FACE AU 81 QUAI JOSEPH GILLET;04024 - LYON METROPOLE
14;4025;1;20;1;1;45.775425;4.817888;29 RUE CHAZIERE;4025 - CHAZI»RE
14;4026;1;20;0;1;45.774574;4.813656;Avenue Birmingham, sortie tunnel mode doux cÙtÈ SaÙne - 69000 Lyon;04026 - BIRMINGHAM
14;4041;1;18;1;1;45.775435;4.83512;17 RUE D'AUSTERLITZ;4041 - BOUSSANGES / AUSTERLITZ
14;4042;1;16;1;1;45.781699;4.820596;94 RUE PHILIPPE DE LASALLE;4042 - GREGORY COUPET
14;5001;1;23;1;1;45.757319;4.815064;Devant le 63 rue de Trion;5001 - PLACE VARILLON (FUNICULAIRE ST JUST)
14;5002;1;18;1;1;45.756535;4.796616;Angle rue des Aqueducs;5002 - PLACE DES COMPAGNONS DE LA CHANSON
14;5004;1;29;0;1;45.760468;4.826548;Entre la cathÈdrale et le funiculaire;5004 - ST JEAN (FAR)
14;5005;1;23;0;1;45.766278;4.827425;PrËs de la gare de St Paul;5005 - SAINT PAUL
14;5006;1;17;0;1;45.7620452081;4.82872732991;Face ancien Palais de Justice;5006 - QUAI ROMAIN ROLLAND
14;5007;1;16;1;1;45.757916;4.81317;Place de Trion;5007 - PLACE DE TRION
14;5008;1;20;1;1;45.754978;4.812427;Place Sainte IrÈnÈe;5008 - SAINTE IR…N…E
14;5009;1;16;0;1;45.764695;4.828969;angle quai de Bondy;5009 - PLACE FOUSSERET
14;5015;1;19;0;1;45.75197;4.821662;Devant le 41 rue de la Quarantaine;5015 - FULCHIRON
14;5016;1;13;1;1;45.757581;4.801023;Devant la mairie du 5Ë;5016 - MAIRIE DU 5Ë
14;5026;1;14;0;1;45.763383;4.829024;Angle quai Romain Rolland;5026 - RUE DE LA BALEINE
14;5029;1;20;0;1;45.767057;4.827014;Prox. Quai Pierre Scize;5029 - PLACE GERSON
14;5030;1;32;1;1;45.755054;4.807811;Angle rue du fort Ste IrÈnÈe / Charcot;5030 - CHARCOT / R…SIDENCE UNIVERSITAIRE
14;5031;1;20;1;1;45.754654;4.78821;49 RUE JOLIOT CURIE;5031- MENIVAL/J.CURIE
14;5036;1;15;1;1;45.749627;4.795546;104 RUE DU COMMANDANT CHARCOT;5036 - LA SALETTE
14;5040;1;20;0;1;45.757847;4.826103;7 PLACE BENOIT CREPU;5040 - PLACE CR…PU
14;5041;1;21;0;1;45.766537;4.819936;55 QUAI PIERRE SCIZE;5041 - L'HOMME DE LA ROCHE
14;5044;1;20;1;1;45.7598;4.796561;87 RUE DOCTEUR EDMOND LOCARD;5044 - CHAMPVERT
14;5045;1;18;1;1;45.750205;4.792193;64 RUE JEUNET;5045 - VALDO / RIVET
14;5047;1;16;1;1;45.753452;4.804401;2B RUE DR. ALBERIC PONT;5047 - ALB…RIC PONT
14;5050;1;12;1;1;45.758333;4.821075;1 RUE DE L'ANTIQUAILLE;5050 - THEATRE ROMAIN
14;5053;1;18;1;1;45.75597;4.818904;1 PLACE DE L'ABBE LARUE;5053 - SAINT JUST
14;5054;1;18;1;1;45.763906;4.792643;192 AV. BARTHELEMY BUYER;5054 - CHAMPVERT
14;5055;1;22;1;1;45.762013;4.802751;101 AV. BARTHELEMY BUYER;5055 - BUYER / APOLLINAIRE
14;6001;1;16;0;1;45.766893;4.858922;Place Jules Ferry angle rue GÈnÈral Brosset face ‡ la gare des Brotteaux;6001 - GARE DES BROTTEAUX
14;6002;1;29;0;1;45.777521;4.844922;Le long des grilles, cÙtÈ ouest de la porte;6002 - PORTE DES ENFANTS DU RH‘NE (FAR)
14;6003;1;20;0;1;45.772846;4.856274;Devant l'entrÈe du parc;6003 - AVENUE VERGUIN
14;6004;1;20;0;1;45.768896;4.844845;Angle rue VendÙme;6004 - FOCH (FAR)
14;6005;1;20;0;1;45.765811;4.844767;Devant le lycÈe;6005 - PLACE EDGAR QUINET
14;6006;1;15;0;1;45.773304;4.852001;Boulevard des Belges - Angle rue Duquesne;6006 - BOULEVARD DES BELGES
14;6007;1;20;0;1;45.769654;4.852366;Angle Cours Vitton;6007 - MASS…NA
14;6008;1;20;0;1;45.7684;4.858972;17 PLACE JULES FERRY;6008 - PLACE JULES FERRY
14;6011;1;15;0;1;45.768395;4.849402;Angle rue Boileau;6011- MAIRIE DU 6»ME
14;6012;1;10;0;1;45.771794;4.84459;Angle rue VendÙme;6012 - PLACE PUVIS DE CHAVANNES
14;6016;1;16;0;1;45.766002;4.86218;Angle avenue Thiers;6016 - VIABERT / THIERS
14;6020;1;15;0;1;45.774526;4.848443;Angle rue Morellet;6020 - MUS…E GUIMET
14;6021;1;11;0;1;45.770664;4.849946;Entre rue Crillon et rue Sully;6021- GARIBALDI
14;6022;1;20;0;1;45.7694;4.842584;Pierre Corneille/cours Franklin Roosevelt;6022- PLACE MAR…CHAL LYAUTEY
14;6023;1;14;0;1;45.766821;4.841095;Niveau rue de SËze;6023 - QUAI SARRAIL
14;6024;1;10;0;1;45.770743;4.856713;Angle bvd Anatole France;6024 - TRONCHET / ANATOLE FRANCE
14;6028;1;16;0;1;45.764345;4.853492;Angle rue TÍte d'Or;6028 - RECAMMIER / T TE D'OR
14;6031;1;13;0;1;45.763717;4.843791;Angle cours Lafayette;6031 - LAFAYETTE/CORNEILLE
14;6032;1;20;0;1;45.764821;4.841567;Angle rue Vauban;6032 - PR…FECTURE / SARRAIL
14;6035;1;21;0;1;45.785456;4.854085;Face parvis du palais des congrËs;6035 - CIT… INTERNATIONALE
14;6036;1;23;0;1;45.783885;4.852156;AllÈe A. Lignon;6036 - MUS…E D'ART CONTEMPORAIN (FAR)
14;6037;1;27;0;1;45.782287;4.849378;AllÈe A. Lignon;6037 - CIT… INTERNATIONALE / INTERPOL
14;6040;1;15;0;1;45.764013;4.849933;71 COURS LAFAYETTE;6040 - LES HALLES
14;6041;1;22;0;1;45.78458;4.859664;50 QUAI ACHILLE LIGNON;6041 - CIT… INTERNATIONALE / T TE D'OR NORD
14;6042;1;28;0;1;45.784812;4.856432;devant la rÈsidence hÙteliËre ‡ l'ouest de la place publique;6042 - CIT… INTERNATIONALE - R…SIDENCE H‘TELI»RE
14;6043;1;32;0;1;45.784698;4.851896;80 QUAI CHARLES DE GAULLE;6043 - CIT… INTERNATIONALE - CIN…MA
14;6044;1;16;0;1;45.766372;4.865058;23 RUE DE LA VIABERT;6044 - CHARMETTES / BELLECOMBE
14;6045;1;15;0;1;45.766284;4.856848;44 BVD DES BROTTEAUX;6045 - BROTTEAUX / VAUBAN
14;7001;1;20;0;1;45.754875;4.843627;Place Gabriel PÈri;7001 - PLACE GABRIEL P…RI (FAR)
14;7002;1;29;0;1;45.751404;4.836395;Quai Claude Bernard;7002 - UNIVERSIT…S LYON III / LYON II (FAR)
14;7003;1;30;0;1;45.751827;4.8526;Cours Gambette - Prolongement rue Rachais;7003 - GAMBETTA / GARIBALDI (FAR)
14;7004;1;30;0;1;45.74656;4.842265;Place Jean MacÈ - Face ‡ la mairie;7004 - MAIRIE DU 7»ME (FAR)
14;7005;1;20;0;1;45.73182;4.833996;Avenue Debourg - Angle avenue Jean JaurËs;7005 - DEBOURG
14;7006;1;40;0;1;45.727494;4.831145;Avenue Jean JaurËs - Au niveau du square Galtier;7006 - GERLAND
14;7007;1;20;0;1;45.735741;4.827725;Angle Bld Y. Farge / rue Commandant Ayasse;7007 - FARGE / AYASSE
14;7008;1;10;0;1;45.75251;4.846278;Avenue Jean JaurËs - Angle rue de la GuillotiËre;7008 - JEAN JAUR»S / GUILLOTI»RE
14;7009;1;16;0;1;45.737503;4.837484;174-180 Avenue Jean JaurËs 69007 Lyon;7009 - JEAN JAUR»S
14;7010;1;20;0;1;45.747358;4.836009;Rue Pasteur - Angle avenue Berthelot;7010 - CENTRE BERTHELOT
14;7011;1;10;0;1;45.743756;4.847406;Rue Garibaldi - Angle avenue Berthelot;7011 - BERTHELOT / GARIBALDI
14;7012;1;13;0;1;45.7295;4.829697;Place des Pavillons - Devant la bibliothËque;7012 - PLACE DES PAVILLONS
14;7013;1;20;0;1;45.730786;4.823733;93-131 Avenue Tony Garnier 69007 Lyon;7013 - HALLE TONY GARNIER
14;7014;1;15;0;1;45.752989;4.841417;Rue Felissent, angle rue de Marseille;7014 - MARSEILLE / F…LISSENT
14;7016;1;15;0;1;45.748925;4.847714;Rue de la Madeleine - Angle rue St Lazarre;7016 - PLACE SAINT LOUIS
14;7018;1;20;0;1;45.740279;4.832061;2 Rue CrÈpet 69007 Lyon;7018 - LYCEE LOUISE LABE
14;7020;1;26;0;1;45.724352;4.826821;AllÈe Pierre de Coubertin;7020 - PARC DE GERLAND
14;7021;1;12;0;1;45.729791;4.838138;176-180 Rue de Gerland 69007 Lyon;7021- CHALLEMEL LACOUR / GERLAND
14;7022;1;30;0;1;45.743975;4.841463;16 Impasse du PrÈ Gaudry 69007 Lyon;7022 - JAUR»S / LAGRANGE
14;7023;1;15;0;1;45.742639;4.850538;Route de Vienne - Angle avenue Berthelot;7023 - BERTHELOT / ROUTE DE VIENNE
14;7024;1;16;0;1;45.748504;4.840505;6 RUE BANCEL;7024 - BANCEL / CHEVREUL
14;7030;1;30;0;1;45.743163;4.834165;33 Boulevard Yves Farge 69007 Lyon;7030 - QUARTIER GENERAL FRERE
14;7031;1;20;0;1;45.739827;4.840308;42 Rue de Gerland 69007 Lyon;7031 - JAUR»S / GERLAND
14;7033;1;28;0;1;45.749431;4.834816;Sur le quai haut;7033 - ST LUC / ST JOSEPH (FAR)
14;7034;1;15;0;1;45.753705;4.838283;Sur le quai devant l'entrÈe de la piscine;7034 - PISCINE DU RH‘NE
14;7035;1;29;0;1;45.750945;4.83927;Angle rue de Marseille;7035 - MARSEILLE / UNIVERSIT… (FAR)
14;7038;1;13;0;1;45.749622;4.85299;Angle Rue de la Guillotiere;7038 - PLACE STALINGRAD
14;7039;1;10;0;1;45.751073;4.848018;Angle rue de la Madeleine;7039 - GUILLOTI»RE / MADELEINE
14;7041;1;12;0;1;45.746681;4.844455;Rue Domer/angle rue Chevreul;7041 - DOMER / CHEVREUL
14;7045;1;20;0;1;45.737745;4.824495;40 AV. LECLERC;7045 - PARC DES BERGES
14;7046;1;28;0;1;45.730083;4.82781;Angle rue de St Cloud;7046 - PLACE DE L'ECOLE
14;7049;1;25;0;1;45.727951;4.823563;27-33 Rue Alexander Fleming 69007 Lyon;7049 - CIT… SCOLAIRE INTERNATIONALE
14;7052;1;25;0;1;45.745939;4.851214;Rue de l'Epargne;7052 - PARC BLANDAN
14;7053;1;18;0;1;45.750344;4.845048;26 RUE DE LA THIBAUDIERE;7053 - JAUR»S / THIBAUDI»RE
14;7055;1;16;0;1;45.746779;4.842051;23 RUE RENAN;7055 - SERVANT / JABOULAY
14;7056;1;22;0;1;45.755783;4.840745;4 PLACE RASPAIL;7056 - PLACE RASPAIL (FAR)
14;7057;1;24;0;1;45.734712;4.835486;217b-221 Avenue Jean JaurËs 69007 Lyon;7057 - JAURES / BOLLIER
14;7061;1;20;0;1;45.748545;4.843249;64 AV. JEAN JAURES;7061 - JAURES / UNIVERSITE
14;7062;1;19;0;1;45.747735;4.85162;51 RUE DOMER;7062 - GARIBALDI / DOMER
14;7064;1;17;0;1;45.74541;4.847843;96 RUE CHEVREUL;7064 - CROUS
14;8001;1;26;0;1;45.748535;4.861533;Devant entrÈe principale de l'universitÈ;8001 - UNIVERSIT… LYON III (FAR)
14;8002;1;20;0;1;45.745296;4.871604;Face au cours Albert Thomas;8002- PLACE AMBROISE COURTOIS
14;8003;1;16;0;1;45.738135;4.886885;Devant entrÈe de la fac;8003 - CLAUDE BERNARD LYON I
14;8004;1;21;0;1;45.735158;4.872803;Devant la mairie du 8e;8004 - MAIRIE DU 8»ME
14;8006;1;20;0;1;45.729771;4.868157;Rue Professeur Beauvisage/Angle bd des Etats-Unis;8006 - PLACE DU 8 MAI 1945
14;8007;1;15;0;1;45.745018;4.866424;Angle rue Villon;8007 - FR»RES LUMI»RE
14;8008;1;20;0;1;45.727881;4.86355;Rue du Professeur Beauvisage;8008 - BEAUVISAGE / PRESSENS…
14;8009;1;20;0;1;45.73648;4.869789;Boulevard Jean XXIII - Angle de la rue Mermoz;8009 - JEAN XXIII / MERMOZ
14;8010;1;20;0;1;45.740052;4.85941;95 AV. DE L'EUROPE;8010 - PLACE MEND»S FRANCE
14;8011;1;14;0;1;45.735653;4.853042;CÙtÈ route de Vienne;8011 - PLACE LEBRET
14;8015;1;16;0;1;45.740324;4.874192;RUE MARYSE BASTIE;8015 - BOULEVARD JEAN XXIII
14;8020;1;20;0;1;45.729743;4.854022;;8020 - MOULIN A VENT
14;8021;1;16;0;1;45.728542;4.877279;Place GÈnÈral AndrÈ - Face au 126 avenue Paul Santy;8021 - PAUL SANTY
14;8024;1;12;0;1;45.733317;4.878607;Angle av Michelet;8024 - MERMOZ / MICHELET
14;8025;1;17;0;1;45.744447;4.860889;12 RUE SANTOS DUMONT;8025 - DUMONT / JOUVET
14;8029;1;20;0;1;45.732366;4.865101;81 BVD DES Etats-Unis;8029 - ETATS UNIS LEVIGNE
14;8030;1;16;0;1;45.741425;4.879733;Angle rue Nungesser et Coli;8030 - LAËNNEC
14;8034;1;13;0;1;45.738301;4.862727;Angle avenue Berthelot;8034 - BERTHELOT / VILLON
14;8035;1;20;0;1;45.747251;4.865386;54 COURS ALBERT THOMAS;8035 - SANS SOUCI
14;8037;1;19;0;1;45.734027;4.862906;Rue Paul Cazeneuve - Angle du boulevard des Etats-Unis;8037 - CAZENEUVE
14;8038;1;20;0;1;45.746691;4.867501;Angle rue Villon;8038 - ALBERT THOMAS / VILLON
14;8039;1;20;0;1;45.738617;4.852412;97 ROUTE DE VIENNE;8039 - PIERRE DELORE
14;8040;1;24;0;1;45.736289;4.883667;Face au 54 Boulevard Ambroise ParÈ;8040 - AMBROISE PAR…
14;8041;1;20;0;1;45.724775;4.870745;170 Boulevard des Etats-Unis, Angle Avenue Viviani, direction Venissieux;8041 - ETATS UNIS / VIVIANI
14;8042;1;22;0;1;45.731361;4.860139;73 RUE CAZENEUVE;8042 - FRANCIS DE PRESSENS…
14;8051;1;20;0;1;45.724172;4.854165;303 ROUTE DE VIENNE (VENISSIEUX);8051 - H‘PITAL ST JEAN DE DIEU
14;8052;1;16;0;1;45.747032;4.859612;2 AV. DES FRERES LUMIERE;8052 - CLINIQUE MONPLAISIR
14;8053;1;16;0;1;45.743569;4.870083;6 RUE ANTOINE LUMIERE;8053 - LUMIERE / TROUILHET
14;8054;1;20;0;1;45.740865;4.868244;34 RUE ANTOINE LUMIERE;8054 - MARTINIERE MONPLAISIR
14;8056;1;20;0;1;45.73586;4.856888;69 RUE AUDIBERT ET LAVIROTTE;8056 - DELORE / AUDIBERT ET LAVIROTTE
14;8057;1;20;0;1;45.732483;4.853406;184 ROUTE DE VIENNE;8057 - VIENNE / MONTAGNY
14;8058;1;16;0;1;45.738671;4.878117;10 RUE PDT P. KRUGER;8058 - LONGEFER / KRUGER
14;8059;1;18;0;1;45.735375;4.88954;173 BVD PINEL (BRON);8059 - LAENNEC / PINEL
14;8060;0;22;0;1;45.731716;4.874231;9 RUE PIERRE VERGER;8060 - SANTY / BEAUVISAGE
14;8061;1;18;0;1;45.725403;4.881292;164 AV. PAUL SANTY;8061 - STADE VUILLERMET
14;9002;1;22;0;1;45.774241;4.805676;Prox. mÈtro Valmy;9002 - MAIRIE DU 9Ë
14;9003;1;16;0;1;45.775679;4.805314;Rue Roquette / angle rue de Bourgogne;9003 - PLACE VALMY
14;9004;1;22;0;1;45.779786;4.804666;Face entrÈe de la gare;9004 - GARE DE VAISE
14;9006;1;16;0;1;45.777287;4.803297;Rue Tissot / angle rue de Bourgogne;9006 - TH…√ÇTRE NOUVELLE G…N…RATION
14;9008;1;16;0;1;45.797415;4.829038;3 QUAI PAUL SEDAILLAN;9008 - L'ILE BARBE
14;9010;1;19;0;1;45.771034;4.79644;37 AV. SIDOINE APOLLINAIRE;9010 - PISCINE DE VAISE
14;9011;1;19;0;1;45.769803;4.812681;Quai Chauveau / angle Pont Koenig;9011 - CONSERVATOIRE
14;9013;1;20;0;1;45.787522;4.814418;Angle rue de la Navigation;9013 - QUAI PAUL S…DALLIAN
14;9014;1;23;0;1;45.784334;4.812215;Angle rue Emile Duport;9014 - QUAI DU COMMERCE
14;9020;1;12;0;1;45.773468;4.800286;Angle rue Horand / rue Masset;9020 - BOURBONNAIS
14;9022;1;13;0;1;45.778639;4.8071;Angle rue Chinard/rue St Cyr;9022 - RUE MASARYK / SAINT CYR
14;9029;1;15;0;1;45.773125;4.807831;Place Vanderpol/Angle St Pierre de Vaise;9029 - SAINT PIERRE DE VAISE
14;9032;1;18;0;1;45.773815;4.809566;Quai Arloing, CÙtÈ SaÙne;9032 - PLACE DU PORT MOUTON
14;9033;1;40;0;1;45.767484;4.805626;49 RUE SGT BERTHET;9033 - GORGE DE LOUP
14;9040;1;12;0;1;45.770991;4.807578;1 PLACE DE LA RHODIACETA;9040 - PLACE RHODIACETA
14;9041;1;18;0;1;45.792478;4.820567;10 QUAI PAUL SEDAILLAN;9041 - CARRET / S…DALLIAN
14;9042;1;19;0;1;45.786533;4.811446;92 RUE DU BOURBONNAIS;9042 - VAISE DOCKS
14;9043;1;20;0;1;45.776087;4.799725;;9043 - MARIETTON OUEST
14;9044;1;16;0;1;45.770508;4.800869;20 AV. JOANNES MASSET;9044 - MASSET / SAINT PIERRE DE VAISE
14;9049;1;16;0;1;45.770136;4.80516;23 RUE GORGE DE LOUP;9049 - SERGENT BERTHET / GORGE DE LOUP
14;9050;1;12;1;1;45.783698;4.794485;AVENUE DU PLATEAU;9050 - ALLEE DE L'EUROPE
14;9051;1;12;1;1;45.786546;4.797107;373 AV. ANDREI SAKHAROV;9051 - ANDREI SAKHAROV
14;9052;1;12;1;1;45.789194;4.799308;360 BVD DE BALMONT;9052 - BALMONT
14;10001;1;30;0;1;45.785632;4.882366;rue de la Technologie;10001 - IUT / FEYSSINE
14;10002;1;40;0;1;45.782222;4.876951;Avenue Albert Einstein au niveau du virage;10002 - INSA (FAR)
14;10004;1;10;0;1;45.776217;4.862636;Rue Salvador Allende / Angle promenade du Lys;10004 - TONKIN
14;10005;1;35;0;1;45.779702;4.860029;Face EntrÈe du Parc de la TÍte d'Or;10005 - BOULEVARD DU 11 NOVEMBRE
14;10006;1;32;0;1;45.770225;4.863102;Place Charles Hernu / cÙtÈ sud;10006 - CHARPENNES (FAR)
14;10007;1;10;0;1;45.774204;4.867512;Av Piaton / angle Condorcet;10007 - PIATON / CONDORCET
14;10008;1;24;0;1;45.778385;4.879673;Rue Roger Salengro - Angle rue Vaillant;10008 - SALENGRO / VAILLANT
14;10011;1;16;0;1;45.769226;4.880491;174 COURS EMILE ZOLA;10011 - GRATTE CIEL
14;10012;1;16;0;1;45.767957;4.887232;Rue de France/Angle Cours Emile Zola;10012 - ZOLA / FRANCE
14;10013;1;20;0;1;45.764961;4.901018;103 RUE PIERRE VOYANT (VILLEURBANNE);10013 - CUSSET
14;10014;1;29;0;1;45.765214;4.909808;64 AV. MARCEL CERDAN;10014 - GARE L. BONNEVAY
14;10016;1;17;0;1;45.752074;4.91466;10 PLACE DE LA PAIX (VILLEURBANNE);10016 - PLACE DE LA PAIX
14;10018;1;11;0;1;45.761801;4.880735;Rue Florian/Angle Cours Tolstoï;10018 - TOLSTOÏ / FLORIAN
14;10021;0;19;0;1;45.759743;4.889938;Angle cours Tolsto√Ø;10021- GRANDCL…MENT
14;10024;1;13;0;1;45.7563424628;4.87833622547;Place des Maisons Neuves/CÙtÈ rue Jean JaurËs;10024 - MAISONS NEUVES
14;10025;1;20;0;1;45.763652;4.873158;;10025 - TOTEM
14;10027;1;26;0;1;45.766861;4.880059;Avenue Aristide Briand, en face de la mairie;10027 - MAIRIE DE VILLEURBANNE
14;10028;1;24;0;1;45.767467;4.874032;Cours de la RÈpublique/Angle Anatole France;10028 - ECOLE DE MUSIQUE
14;10030;1;18;0;1;45.773845;4.893851;126 RUE DU 8 MAI 1945 (VILLEURBANNE);10030 - GREUZE
14;10031;1;22;0;1;45.780679;4.88356;sur la place Croix Luizet;10031 - CROIX LUIZET
14;10032;1;16;0;1;45.757173;4.89998;Rue Antoine Primat/Angle rue Decorps;10032 - PRIMAT / DECORPS
14;10034;1;10;0;1;45.761825;4.886156;Devant la MJC;10034 - DOCTEUR DAMIDOT
14;10035;1;16;0;1;45.763139;4.900492;43 RUE PIERRE BARATIN (VILLEURBANNE);10035 - BOIRON GRANG…
14;10036;1;16;0;1;45.77435;4.859157;Boulevard Stalingrad/angle rue Charlie Chaplin;10036 - STALINGRAD
14;10038;1;12;0;1;45.779062;4.866874;Bvd 11 Nov./prox. arret tram Condorcet;10038 - CONDORCET
14;10039;1;16;0;1;45.779487;4.891692;Rue Professeur Bouvier/Angle rue du 8 mai 1945;10039 - BOUVIER
14;10041;1;16;0;1;45.752923;4.898891;1 PLACE KIMMERLING (VILLEURBANNE);10041 - KIMMERLING
14;10043;1;20;0;1;45.782994;4.890614;RUE DE LA FEYSSINE (VILLEURBANNE);10043 - SALENGRO / FEYSSINE
14;10046;1;24;0;1;45.770705;4.867201;Rue des Charmettes/Angle Cours Emile Zola;10046 - CHARMETTES/ZOLA
14;10047;1;10;0;1;45.771143;4.88504;Avenue du Cdt Lherminier/Angle rue F. de PressensÈ;10047 - LHERMINIER/PRESSENS…
14;10048;1;22;0;1;45.759176;4.875958;52 AV. MARC SANGNIER (VILLEURBANNE);10048 - PLACE MARENGO
14;10049;1;16;0;1;45.769158;4.89678;Rue Francis de PressensÈ/angle 8 mai 1945;10049 - PRESSENS…
14;10053;1;20;0;1;45.77939;4.863068;1 PLACE DE CROIX LUIZET;10053 - ROSSELINI / 11 NOVEMBRE
14;10054;1;24;0;1;45.776715;4.859573;RUE GEORGES MELIES (VILLEURBANNE);10054 - STALINGRAD / MELI»S
14;10055;1;15;0;1;45.776428;4.866976;Avenue Galline/angle av. de Condorcet;10055 - CONDORCET / GALLINE
14;10056;1;35;0;1;45.779066;4.871581;Avenue du 11 Nov./angle av Gaston Berger;10056 - 11 NOVEMBRE / GASTON BERGER
14;10058;1;22;0;1;45.767051;4.892467;274 COURS EMILE ZOLA (VILLEURBANNE);10058 - M…TRO FLACHET
14;10059;1;13;0;1;45.76884;4.884276;Rue Anatole France;10059 - ANATOLE FRANCE / ZOLA
14;10060;1;15;0;1;45.758805;4.87889;Avenue Antoine Saint Exupery;10060 - SAINT EXUP…RY
14;10061;1;18;0;1;45.77081;4.872844;Cours Emile Zola/Angle cours de la RÈpublique;10061 - R…PUBLIQUE
14;10063;1;34;0;1;45.758399;4.885601;7 PLACE JULES GRANDCLEMENT (VILLEURBANNE);10063 - PERRIN / JEAN JAUR»S
14;10064;1;10;0;1;45.764812;4.884311;Angle Rue Rollet/Blanqui;10064 - 4 AOÛT 1789
14;10071;1;20;0;1;45.761597;4.896386;64 BVD EUGENE REGUILLON (VILLEURBANNE);10071 - LYC…E MARIE CURIE
14;10072;1;23;0;1;45.774228;4.864269;Rue Jacques Brel/angle rue Korel;10072 - JACQUES BREL
14;10073;1;15;0;1;45.761468;4.872466;Rue Docteur Dolard / Angle rue 4 Septembre;10073 - INSTITUT D'ART CONTEMPORAIN
14;10074;1;19;0;1;45.770099;4.876728;Cours E. Zola / Angle passage Rey;10074 - ZOLA / PASSAGE REY
14;10075;1;12;0;1;45.772277;4.865774;Angle cours AndrÈ Philip;10075 - GABRIEL P…RI
14;10079;1;20;0;1;45.768127;4.879096;Rue Anatole France/Angle av Barbusse;10079 - ANATOLE FRANCE / BARBUSSE
14;10080;1;17;0;1;45.775409;4.880261;96 RUE ALEXIS PERRONCEL (VILLEURBANNE);10080 - VAILLANT / PERRONCEL
14;10083;1;15;0;1;45.777873;4.884238;2 RUE DES BIENVENUS;10083 - CHATEAU GAILLARD / BIENVENUS
14;10084;1;30;0;1;45.783533;4.871294;84 avenue des Arts;10084 - DOUA / AVENUE DES ARTS
14;10086;1;10;0;1;45.769837;4.889629;Angle Rue de PrÈssensÈ / Flachet;10086 - ANATOLE FRANCE
14;10087;1;12;0;1;45.760603;4.900702;Face au 115 rue Pierre Baratin;10087 - BARATIN
14;10088;1;19;0;1;45.766219;4.89788;COURS EMILE ZOLA (VILLEURBANNE);10088 - 4 AO√õT 1789 / PRESSENS…
14;10089;1;15;0;1;45.774581;4.87406;Rue Colin - Angle rue Alexis Perroncel;10089 - COLIN / PERRONCEL
14;10091;1;16;0;1;45.774754;4.887977;28 RUE DU CHÂTEAU GAILLARD (VILLEURBANNE);10091 - CHÂTEAU GAILLARD / FORT
14;10092;1;17;0;1;45.771561;4.890378;3 RUE DU CHAMP DE L'ORME (VILLEURBANNE);10092 - MONTGOLFIER / CHATEAU GAILLARD
14;10101;1;34;0;1;45.779429;4.873992;43 BVD DU 11 NOVEMBRE 1918 (VILLEURBANNE);10101 - EINSTEIN / BOULEVARD DU 11 NOVEMBRE
14;10102;1;30;0;1;45.781008;4.871219;ave G. Berger;10102 - DOUA / G. BERGER
14;10103;1;30;0;1;45.784526;4.877482;103 ave des Arts / rue des Sports;10103 - DOUA / RUE DES SPORTS
14;10110;1;18;0;1;45.75958;4.882739;20 RUE VALENTIN HAUY (VILLEURBANNE);10110 - M…MOIRE ET SOCI…T…
14;10111;1;16;0;1;45.770309;4.86196;106 COURS VITTON (LYON 6Ëme);10111 - CHARLES HERNU
14;10112;1;32;0;1;45.754415;4.885249;105 ROUTE DE GENAS (VILLEURBANNE);10112 - PLACE DE LA RECONNAISSANCE
14;10113;1;22;0;1;45.755768;4.891542;49 AV. GENERAL LECLERC (VILLEURBANNE);10113 - GARE DE VILLEURBANNE
14;10114;1;20;0;1;45.757931;4.910776;2 AV. DU BEL AIR (VILLEURBANNE);10114 - BEL AIR / LES BROSSES
14;10115;1;22;0;1;45.754181;4.90528;173 AV. PAUL KRUGER (VILLEURBANNE);10115 - PLACE D'ESPAGNE / STADE KRUGER
14;10116;0;17;0;1;45.760617;4.906235;;10116 - BLUM / FAYS
14;10117;1;22;0;1;45.764567;4.892349;166 RUE DU QUATRE AOUT (VILLEURBANNE);10117 - LA PERALLI»RE
14;10118;1;22;0;1;45.767194;4.900597;99 RUE PIERRE VOYANT (VILLEURBANNE);10118 - VOYANT / CHAMBORD
14;10119;1;12;0;1;45.780422;4.904505;2 RUE DES ACACIAS VILLEURBANNE;10119 - VILLEURBANNE SAINT JEAN
14;10120;1;15;0;1;45.7759505003;4.87143421498;41 AV. ROGER SALENGRO (VILLEURBANNE);10120 - SALENGRO / DESCARTES
14;10121;1;16;0;1;45.771912;4.87907;ANGLE RUE BILLON / RUE F. DE PRESSENSE;10121 - PARC DU CENTRE
14;10122;1;21;0;1;45.784023;4.897102;17 RUE DE VERDUN (VILLEURBANNE);10122 - VERDUN / DESGRAND
14;11001;1;18;1;1;45.785796;4.833733;2 RUE CLAUDE BERNARD (CALUIRE ET CUIRE);11001 - GARE DE CUIRE
14;11002;1;20;0;1;45.785465;4.847838;49 COURS ARISTIDE BRIAND (CALUIRE);11002 - SAINT CLAIR
14;11003;1;20;0;1;45.791748;4.823595;Quai Gillet au  niveau de la place de la Rochette. Caluire et Cuire.;11003 - LA ROCHETTE
14;12001;1;25;0;1;45.760908;4.920569;45 RUE DE LA POUDRETTE (VILLEURBANNE);12001 - LA SOIE
14;12002;1;20;0;1;45.76438;4.919276;Face au 2 rue de la Poudrette, Vaulx en Velin;12002 - POUDRETTE LA SOIE
